term,frequency
theory,5
from,3
some,3
kernel,3
neural,3
eigenlearning,2
networks,2
tangent,2
quantum,2
mechanics,2
hopfield,2
connections,2
information,2
applications,2
richness,2
homological,1
measure,1
mirror,1
symmetry,1
monoidal,1
vect,1
structs,1
randnla,1
symmetric,1
tensors,1
perhaps,1
probability,1
studied,1
older,1
state,1
statistical,1
relations,1
bottlenecks,1
mech,1
stat,1
enough,1
large,1
your,1
architectures,1
process,1
markov,1
everything,1
machines,1
boltzmann,1
scale,1
frequently,1
category,1
network,1
regimes,1
training,1
theorem,1
representation,1
riesz,1
rkhss,1
building,1
spaces,1
hilbert,1
reproducing,1
wide,1
regression,1
perspective,1
conservation,1
framework,1
simon,1
notes,1
primer,1
brief,1
introduction,1
free,1
python,1
implementation,1
quick,1
derivation,1
rough,1
kernels,1
cookies,1
answer,1
worth,1
magic,1
cookie,1
chemistry,1
questions,1
lingering,1
learning,1
